
SET NAMES utf8mb4;
SET time_zone = '+00:00';
SET sql_safe_updates = 0;


DROP DATABASE IF EXISTS kandypack;
CREATE DATABASE IF NOT EXISTS kandypack
  CHARACTER SET utf8mb4
  COLLATE utf8mb4_unicode_ci;
USE kandypack;


CREATE TABLE admin (
  admin_id    VARCHAR(20) PRIMARY KEY,
  name        VARCHAR(100) NOT NULL,
  password    VARCHAR(255) NOT NULL,
  created_at  TIMESTAMP NOT NULL DEFAULT CURRENT_TIMESTAMP
) ENGINE=InnoDB;

CREATE TABLE customer (
  customer_id VARCHAR(40) PRIMARY KEY,
  name        VARCHAR(100) NOT NULL,
  phone_no    VARCHAR(20),
  city        VARCHAR(80),
  address     VARCHAR(255),
  user_name   VARCHAR(50) UNIQUE NOT NULL,
  password    VARCHAR(255) NOT NULL,
  created_at  DATETIME NOT NULL DEFAULT CURRENT_TIMESTAMP
) ENGINE=InnoDB;

CREATE TABLE driver (
  driver_id VARCHAR(40) PRIMARY KEY,
  name      VARCHAR(120) NOT NULL,
  address   TEXT,
  phone_no  VARCHAR(20),
  email     VARCHAR(120) UNIQUE,
  user_name   VARCHAR(50) UNIQUE NOT NULL,
  password    VARCHAR(255) NOT NULL
) ENGINE=InnoDB;

CREATE TABLE assistant (
  assistant_id VARCHAR(40) PRIMARY KEY,
  name         VARCHAR(120) NOT NULL,
  address      TEXT,
  phone_no     VARCHAR(20),
  email        VARCHAR(120) UNIQUE,
  user_name   VARCHAR(50) UNIQUE NOT NULL,
  password    VARCHAR(255) NOT NULL
) ENGINE=InnoDB;


CREATE TABLE product (
  product_id         VARCHAR(40) PRIMARY KEY,
  name               VARCHAR(120) NOT NULL,
  description        TEXT,
  price              DECIMAL(10,2) NOT NULL CHECK (price >= 0),
  space_consumption  DECIMAL(10,4) NOT NULL CHECK (space_consumption > 0),
  category           VARCHAR(60),
  available_quantity INT NOT NULL DEFAULT 0 CHECK (available_quantity >= 0)
) ENGINE=InnoDB;


CREATE TABLE store (
  store_id  VARCHAR(40) PRIMARY KEY,
  name      VARCHAR(120) NOT NULL,
  city      VARCHAR(80)  NOT NULL
) ENGINE=InnoDB;

CREATE INDEX idx_store_city ON store(city);


CREATE TABLE orders (
  order_id     VARCHAR(40) PRIMARY KEY,
  customer_id  VARCHAR(40) NOT NULL,
  order_date   DATETIME NOT NULL,
  status ENUM('pending','confirmed','scheduled','in_transit','delivered','cancelled') DEFAULT 'pending',
  created_at   DATETIME NOT NULL DEFAULT CURRENT_TIMESTAMP,
  updated_at   DATETIME NOT NULL DEFAULT CURRENT_TIMESTAMP ON UPDATE CURRENT_TIMESTAMP,
  CONSTRAINT fk_orders_customer
    FOREIGN KEY (customer_id) REFERENCES customer(customer_id)
    ON UPDATE CASCADE ON DELETE RESTRICT
) ENGINE=InnoDB;

CREATE INDEX idx_orders_customer ON orders(customer_id);
CREATE INDEX idx_orders_status   ON orders(status);

CREATE TABLE order_item (
  order_item_id VARCHAR(40) PRIMARY KEY,
  order_id      VARCHAR(40) NOT NULL,
  product_id    VARCHAR(40) NOT NULL,
  quantity      INT NOT NULL CHECK (quantity > 0),
  CONSTRAINT fk_order_item_order
    FOREIGN KEY (order_id) REFERENCES orders(order_id)
    ON UPDATE CASCADE ON DELETE CASCADE,
  CONSTRAINT fk_order_item_product
    FOREIGN KEY (product_id) REFERENCES product(product_id)
    ON UPDATE CASCADE ON DELETE RESTRICT
) ENGINE=InnoDB;

CREATE INDEX idx_order_item_order   ON order_item(order_id);
CREATE INDEX idx_order_item_product ON order_item(product_id);



CREATE TABLE train_route (
  route_id     VARCHAR(40) PRIMARY KEY,
  start_city   VARCHAR(80) NOT NULL,
  end_city     VARCHAR(80) NOT NULL,
  destinations TEXT
) ENGINE=InnoDB;

CREATE TABLE train (
  train_id   VARCHAR(40) PRIMARY KEY,
  capacity   DECIMAL(12,4) NOT NULL CHECK (capacity > 0),
  notes      VARCHAR(255)
) ENGINE=InnoDB;

CREATE TABLE train_trip (
  trip_id       VARCHAR(40) PRIMARY KEY,
  route_id      VARCHAR(40) NOT NULL,
  train_id      VARCHAR(40) NOT NULL,
  depart_time   DATETIME NOT NULL,
  arrive_time   DATETIME NOT NULL,
  capacity      DECIMAL(12,4) NOT NULL CHECK (capacity > 0),
  capacity_used DECIMAL(12,4) NOT NULL DEFAULT 0 CHECK (capacity_used >= 0),
  store_id      VARCHAR(40) NOT NULL,
  CONSTRAINT fk_tt_route FOREIGN KEY (route_id) REFERENCES train_route(route_id) ON DELETE RESTRICT,
  CONSTRAINT fk_tt_train FOREIGN KEY (train_id) REFERENCES train(train_id)       ON DELETE RESTRICT,
  CONSTRAINT fk_tt_store FOREIGN KEY (store_id) REFERENCES store(store_id)       ON DELETE RESTRICT
) ENGINE=InnoDB;

CREATE INDEX idx_train_trip_times ON train_trip(depart_time, arrive_time);
CREATE INDEX idx_train_trip_route ON train_trip(route_id);

CREATE TABLE train_shipment (
  shipment_id     VARCHAR(40) PRIMARY KEY,
  order_id        VARCHAR(40) NOT NULL,
  trip_id         VARCHAR(40) NOT NULL,
  allocated_space DECIMAL(12,4) NOT NULL CHECK (allocated_space > 0),
  created_at      DATETIME NOT NULL DEFAULT CURRENT_TIMESTAMP,
  CONSTRAINT fk_ts_order FOREIGN KEY (order_id) REFERENCES orders(order_id)    ON DELETE CASCADE,
  CONSTRAINT fk_ts_trip  FOREIGN KEY (trip_id)  REFERENCES train_trip(trip_id) ON DELETE CASCADE
) ENGINE=InnoDB;

CREATE INDEX idx_train_shipment_order ON train_shipment(order_id);
CREATE INDEX idx_train_shipment_trip  ON train_shipment(trip_id);



CREATE TABLE truck (
  truck_id       VARCHAR(40) PRIMARY KEY,
  license_plate  VARCHAR(40) UNIQUE NOT NULL,
  capacity       DECIMAL(12,4) NOT NULL CHECK (capacity > 0)
) ENGINE=InnoDB;

CREATE TABLE truck_route (
  route_id    VARCHAR(40) PRIMARY KEY,
  store_id    VARCHAR(40) NOT NULL,
  route_name  VARCHAR(120) NOT NULL,
  max_minutes INT NOT NULL DEFAULT 240 CHECK (max_minutes > 0),
  CONSTRAINT fk_tr_store FOREIGN KEY (store_id) REFERENCES store(store_id) ON DELETE RESTRICT
) ENGINE=InnoDB;

CREATE INDEX idx_truck_route_store ON truck_route(store_id);

CREATE TABLE truck_schedule (
  truck_schedule_id VARCHAR(40) PRIMARY KEY,
  route_id          VARCHAR(40) NOT NULL,
  truck_id          VARCHAR(40) NOT NULL,
  driver_id         VARCHAR(40) NOT NULL,
  assistant_id      VARCHAR(40) NOT NULL,
  start_time        DATETIME NOT NULL,
  end_time          DATETIME NOT NULL,
  CONSTRAINT fk_ts_route     FOREIGN KEY (route_id)     REFERENCES truck_route(route_id)   ON DELETE RESTRICT,
  CONSTRAINT fk_ts_truck     FOREIGN KEY (truck_id)     REFERENCES truck(truck_id)         ON DELETE RESTRICT,
  CONSTRAINT fk_ts_driver    FOREIGN KEY (driver_id)    REFERENCES driver(driver_id)       ON DELETE RESTRICT,
  CONSTRAINT fk_ts_assistant FOREIGN KEY (assistant_id) REFERENCES assistant(assistant_id) ON DELETE RESTRICT,
  CONSTRAINT chk_ts_time CHECK (end_time > start_time)
) ENGINE=InnoDB;

CREATE INDEX idx_truck_schedule_time      ON truck_schedule(start_time, end_time);
CREATE INDEX idx_truck_schedule_truck     ON truck_schedule(truck_id);
CREATE INDEX idx_truck_schedule_driver    ON truck_schedule(driver_id);
CREATE INDEX idx_truck_schedule_assistant ON truck_schedule(assistant_id);

CREATE TABLE truck_delivery (
  delivery_id        VARCHAR(40) PRIMARY KEY,
  truck_schedule_id  VARCHAR(40) NOT NULL,
  order_id           VARCHAR(40) NOT NULL,
  delivered_at       DATETIME NULL,
  CONSTRAINT fk_td_ts    FOREIGN KEY (truck_schedule_id) REFERENCES truck_schedule(truck_schedule_id) ON DELETE CASCADE,
  CONSTRAINT fk_td_order FOREIGN KEY (order_id)          REFERENCES orders(order_id)                  ON DELETE CASCADE
) ENGINE=InnoDB;

CREATE INDEX idx_truck_delivery_order ON truck_delivery(order_id);




CREATE OR REPLACE VIEW v_order_totals AS
SELECT
  oi.order_id,
  SUM(oi.quantity * p.price)            AS order_amount,
  SUM(oi.quantity * p.space_consumption) AS required_space
FROM order_item oi
JOIN product p ON p.product_id = oi.product_id
GROUP BY oi.order_id;


DELIMITER //
CREATE TRIGGER trg_order_item_before_insert
BEFORE INSERT ON order_item
FOR EACH ROW
BEGIN
  DECLARE stock INT;
  SELECT available_quantity INTO stock
  FROM product WHERE product_id = NEW.product_id FOR UPDATE;
  IF stock IS NULL THEN SIGNAL SQLSTATE '45000' SET MESSAGE_TEXT='Product not found'; END IF;
  IF stock < NEW.quantity THEN SIGNAL SQLSTATE '45000' SET MESSAGE_TEXT='Insufficient stock'; END IF;

  UPDATE product
     SET available_quantity = available_quantity - NEW.quantity
   WHERE product_id = NEW.product_id;
END;
//

CREATE TRIGGER trg_order_item_before_update
BEFORE UPDATE ON order_item
FOR EACH ROW
BEGIN
  DECLARE delta INT;
  IF OLD.product_id <> NEW.product_id THEN
    UPDATE product SET available_quantity = available_quantity + OLD.quantity WHERE product_id = OLD.product_id;
    DECLARE ns INT;
    SELECT available_quantity INTO ns FROM product WHERE product_id = NEW.product_id FOR UPDATE;
    IF ns < NEW.quantity THEN SIGNAL SQLSTATE '45000' SET MESSAGE_TEXT='Insufficient stock for new product'; END IF;
    UPDATE product SET available_quantity = available_quantity - NEW.quantity WHERE product_id = NEW.product_id;
  ELSE
    SET delta = NEW.quantity - OLD.quantity;
    IF delta > 0 THEN
      DECLARE cs INT;
      SELECT available_quantity INTO cs FROM product WHERE product_id = NEW.product_id FOR UPDATE;
      IF cs < delta THEN SIGNAL SQLSTATE '45000' SET MESSAGE_TEXT='Insufficient stock for increased quantity'; END IF;
      UPDATE product SET available_quantity = available_quantity - delta WHERE product_id = NEW.product_id;
    ELSEIF delta < 0 THEN
      UPDATE product SET available_quantity = available_quantity - delta WHERE product_id = NEW.product_id; 
    END IF;
  END IF;
END;
//

CREATE TRIGGER trg_order_item_before_delete
BEFORE DELETE ON order_item
FOR EACH ROW
BEGIN
  UPDATE product
     SET available_quantity = available_quantity + OLD.quantity
   WHERE product_id = OLD.product_id;
END;
//
DELIMITER ;


DELIMITER //
CREATE TRIGGER trg_orders_min_lead_time
BEFORE INSERT ON orders
FOR EACH ROW
BEGIN
  IF NEW.order_date < (CURRENT_DATE + INTERVAL 7 DAY) THEN
    SIGNAL SQLSTATE '45000' SET MESSAGE_TEXT='Orders must be placed at least 7 days in advance';
  END IF;
END;
//
DELIMITER ;

-- ---------------------------------------------------------
-- 6) Roster/business rules (same as before)
-- ---------------------------------------------------------
DROP FUNCTION IF EXISTS fn_times_overlap;
DELIMITER //
CREATE FUNCTION fn_times_overlap(a_start DATETIME, a_end DATETIME, b_start DATETIME, b_end DATETIME)
RETURNS TINYINT DETERMINISTIC
RETURN (a_start < b_end) AND (b_start < a_end);
//
DELIMITER ;

DROP PROCEDURE IF EXISTS sp_create_truck_schedule;
DELIMITER //
CREATE PROCEDURE sp_create_truck_schedule(
  IN p_truck_schedule_id VARCHAR(40),
  IN p_route_id          VARCHAR(40),
  IN p_truck_id          VARCHAR(40),
  IN p_driver_id         VARCHAR(40),
  IN p_assistant_id      VARCHAR(40),
  IN p_start_time        DATETIME,
  IN p_end_time          DATETIME
)
BEGIN
  DECLARE wk_start DATE;
  DECLARE wk_end   DATE;

  IF p_end_time <= p_start_time THEN
    SIGNAL SQLSTATE '45000' SET MESSAGE_TEXT='end_time must be after start_time';
  END IF;

  IF EXISTS (
    SELECT 1 FROM truck_schedule s
    WHERE s.truck_id = p_truck_id
      AND fn_times_overlap(p_start_time, p_end_time, s.start_time, s.end_time)
  ) THEN SIGNAL SQLSTATE '45000' SET MESSAGE_TEXT='Truck has overlapping schedule'; END IF;

  IF EXISTS (
    SELECT 1 FROM truck_schedule s
    WHERE s.driver_id = p_driver_id
      AND fn_times_overlap(p_start_time, p_end_time, s.start_time, s.end_time)
  ) THEN SIGNAL SQLSTATE '45000' SET MESSAGE_TEXT='Driver has overlapping schedule'; END IF;

  IF EXISTS (
    SELECT 1 FROM truck_schedule s
    WHERE s.assistant_id = p_assistant_id
      AND fn_times_overlap(p_start_time, p_end_time, s.start_time, s.end_time)
  ) THEN SIGNAL SQLSTATE '45000' SET MESSAGE_TEXT='Assistant has overlapping schedule'; END IF;

  IF EXISTS (
    SELECT 1 FROM truck_schedule s
    WHERE s.driver_id = p_driver_id
      AND (s.end_time = p_start_time OR s.start_time = p_end_time)
  ) THEN SIGNAL SQLSTATE '45000' SET MESSAGE_TEXT='Driver cannot take consecutive back-to-back deliveries'; END IF;

  IF EXISTS (
    SELECT 1 FROM (
      SELECT s1.start_time AS t1, s2.start_time AS t2
      FROM truck_schedule s1
      JOIN truck_schedule s2 ON s2.assistant_id = s1.assistant_id
                            AND s2.start_time = s1.end_time
      WHERE s1.assistant_id = p_assistant_id
    ) q
    WHERE EXISTS (
      SELECT 1 FROM truck_schedule s3
      WHERE s3.assistant_id = p_assistant_id
        AND s3.start_time = q.t2
        AND (p_start_time = s3.end_time OR p_start_time = q.t2)
    )
  ) THEN SIGNAL SQLSTATE '45000' SET MESSAGE_TEXT='Assistant cannot be scheduled for more than 2 consecutive routes'; END IF;

  SET wk_start = DATE_SUB(DATE(p_start_time), INTERVAL (WEEKDAY(p_start_time)) DAY);
  SET wk_end   = DATE_ADD(wk_start, INTERVAL 7 DAY);

  IF (
    SELECT COALESCE(SUM(TIMESTAMPDIFF(MINUTE, s.start_time, s.end_time)),0)
    FROM truck_schedule s
    WHERE s.driver_id = p_driver_id
      AND s.start_time >= wk_start AND s.start_time < wk_end
  ) + TIMESTAMPDIFF(MINUTE, p_start_time, p_end_time) > 40*60
  THEN SIGNAL SQLSTATE '45000' SET MESSAGE_TEXT='Driver weekly limit 40h exceeded'; END IF;

  IF (
    SELECT COALESCE(SUM(TIMESTAMPDIFF(MINUTE, s.start_time, s.end_time)),0)
    FROM truck_schedule s
    WHERE s.assistant_id = p_assistant_id
      AND s.start_time >= wk_start AND s.start_time < wk_end
  ) + TIMESTAMPDIFF(MINUTE, p_start_time, p_end_time) > 60*60
  THEN SIGNAL SQLSTATE '45000' SET MESSAGE_TEXT='Assistant weekly limit 60h exceeded'; END IF;

  INSERT INTO truck_schedule (truck_schedule_id, route_id, truck_id, driver_id, assistant_id, start_time, end_time)
  VALUES (p_truck_schedule_id, p_route_id, p_truck_id, p_driver_id, p_assistant_id, p_start_time, p_end_time);
END;
//
DELIMITER ;

-- Capacity-aware train allocation
DROP PROCEDURE IF EXISTS sp_schedule_order_to_trains;
DELIMITER //
CREATE PROCEDURE sp_schedule_order_to_trains(IN p_order_id VARCHAR(40), IN p_route_id VARCHAR(40), IN p_store_id VARCHAR(40))
BEGIN
  DECLARE req DECIMAL(12,4);
  DECLARE left_req DECIMAL(12,4);
  DECLARE done INT DEFAULT 0;

  SELECT required_space INTO req FROM v_order_totals WHERE order_id = p_order_id;
  IF req IS NULL OR req <= 0 THEN
    SIGNAL SQLSTATE '45000' SET MESSAGE_TEXT='Order has no items / required space';
  END IF;
  SET left_req = req;

  DECLARE cur_trip VARCHAR(40);
  DECLARE cap DECIMAL(12,4);
  DECLARE used DECIMAL(12,4);

  DECLARE trip_cur CURSOR FOR
    SELECT t.trip_id
    FROM train_trip t
    WHERE t.route_id = p_route_id AND t.store_id = p_store_id
      AND t.depart_time >= CURRENT_TIMESTAMP
    ORDER BY t.depart_time ASC;
  DECLARE CONTINUE HANDLER FOR NOT FOUND SET done = 1;

  OPEN trip_cur;
  read_loop: LOOP
    FETCH trip_cur INTO cur_trip;
    IF done = 1 THEN LEAVE read_loop; END IF;

    SELECT capacity, capacity_used INTO cap, used FROM train_trip WHERE trip_id = cur_trip FOR UPDATE;
    IF (cap - used) > 0 THEN
      IF left_req <= (cap - used) THEN
        INSERT INTO train_shipment (shipment_id, order_id, trip_id, allocated_space)
        VALUES (UUID(), p_order_id, cur_trip, left_req);
        UPDATE train_trip SET capacity_used = capacity_used + left_req WHERE trip_id = cur_trip;
        SET left_req = 0;
        LEAVE read_loop;
      ELSE
        INSERT INTO train_shipment (shipment_id, order_id, trip_id, allocated_space)
        VALUES (UUID(), p_order_id, cur_trip, cap - used);
        UPDATE train_trip SET capacity_used = capacity_used + (cap - used) WHERE trip_id = cur_trip;
        SET left_req = left_req - (cap - used);
      END IF;
    END IF;
  END LOOP;
  CLOSE trip_cur;

  IF left_req > 0 THEN
    SIGNAL SQLSTATE '45000' SET MESSAGE_TEXT='Insufficient upcoming train capacity to fully schedule order';
  ELSE
    UPDATE orders SET status = 'scheduled', updated_at = CURRENT_TIMESTAMP WHERE order_id = p_order_id;
  END IF;
END;
//
DELIMITER ;

-- ---------------------------------------------------------
-- 7) Views that REINTRODUCE destination_* (built from joins)
-- ---------------------------------------------------------
-- v_orders_enriched: adds destination_city/address virtually
-- - destination_city: store city used by the truck route that delivered the order (fallback to customer city)
-- - destination_address: customer's address (adjust if you later store delivery addresses separately)
CREATE OR REPLACE VIEW v_orders_enriched AS
SELECT
  o.order_id, o.customer_id, o.order_date, o.status, o.created_at, o.updated_at,
  COALESCE(MAX(st.city), MAX(c.city)) AS destination_city,
  MAX(c.address) AS destination_address
FROM orders o
JOIN customer c ON c.customer_id = o.customer_id
LEFT JOIN truck_delivery td ON td.order_id = o.order_id
LEFT JOIN truck_schedule ts ON ts.truck_schedule_id = td.truck_schedule_id
LEFT JOIN truck_route tr ON tr.route_id = ts.route_id
LEFT JOIN store st ON st.store_id = tr.store_id
GROUP BY o.order_id, o.customer_id, o.order_date, o.status, o.created_at, o.updated_at;

-- Reporting views rewritten to use v_orders_enriched
CREATE OR REPLACE VIEW v_quarterly_sales AS
SELECT
  CONCAT(YEAR(o.order_date), '-Q', QUARTER(o.order_date)) AS quarter,
  SUM(v.order_amount)   AS total_value,
  SUM(v.required_space) AS total_space_units,
  COUNT(DISTINCT o.order_id) AS orders
FROM orders o
JOIN v_order_totals v ON v.order_id = o.order_id
GROUP BY YEAR(o.order_date), QUARTER(o.order_date);

CREATE OR REPLACE VIEW v_quarter_top_items AS
SELECT
  YEAR(o.order_date) AS year,
  QUARTER(o.order_date) AS quarter,
  oi.product_id,
  p.name AS product_name,
  SUM(oi.quantity) AS total_qty
FROM order_item oi
JOIN orders o ON o.order_id = oi.order_id
JOIN product p ON p.product_id = oi.product_id
GROUP BY YEAR(o.order_date), QUARTER(o.order_date), oi.product_id, p.name;

CREATE OR REPLACE VIEW v_city_route_sales AS
SELECT
  oe.destination_city,
  tr.route_name,
  SUM(v.order_amount) AS total_value,
  COUNT(DISTINCT oe.order_id) AS orders
FROM v_orders_enriched oe
JOIN v_order_totals v ON v.order_id = oe.order_id
LEFT JOIN truck_delivery td ON td.order_id = oe.order_id
LEFT JOIN truck_schedule ts ON ts.truck_schedule_id = td.truck_schedule_id
LEFT JOIN truck_route tr ON tr.route_id = ts.route_id
GROUP BY oe.destination_city, tr.route_name;

CREATE OR REPLACE VIEW v_worker_hours AS
SELECT
  'driver' AS role, s.driver_id AS worker_id,
  DATE_FORMAT(s.start_time, '%x-%v') AS week,
  SUM(TIMESTAMPDIFF(MINUTE, s.start_time, s.end_time))/60 AS hours
FROM truck_schedule s
GROUP BY role, worker_id, week
UNION ALL
SELECT
  'assistant' AS role, s.assistant_id AS worker_id,
  DATE_FORMAT(s.start_time, '%x-%v') AS week,
  SUM(TIMESTAMPDIFF(MINUTE, s.start_time, s.end_time))/60 AS hours
FROM truck_schedule s
GROUP BY role, worker_id, week;

CREATE OR REPLACE VIEW v_truck_usage AS
SELECT
  s.truck_id,
  DATE_FORMAT(s.start_time, '%Y-%m') AS month,
  COUNT(*) AS runs,
  SUM(TIMESTAMPDIFF(MINUTE, s.start_time, s.end_time))/60 AS hours
FROM truck_schedule s
GROUP BY s.truck_id, month;

CREATE OR REPLACE VIEW v_customer_order_history AS
SELECT
  c.customer_id, c.name AS customer_name,
  o.order_id, o.order_date, o.status,
  v.order_amount,
  GROUP_CONCAT(DISTINCT tr.route_name ORDER BY tr.route_name SEPARATOR ', ') AS truck_routes_used,
  MIN(ts.start_time) AS first_out_for_delivery,
  MAX(td.delivered_at) AS delivered_at,
  oe.destination_city,
  oe.destination_address
FROM customer c
JOIN orders o ON o.customer_id = c.customer_id
JOIN v_orders_enriched oe ON oe.order_id = o.order_id
LEFT JOIN v_order_totals v ON v.order_id = o.order_id
LEFT JOIN truck_delivery td ON td.order_id = o.order_id
LEFT JOIN truck_schedule ts ON ts.truck_schedule_id = td.truck_schedule_id
LEFT JOIN truck_route tr ON tr.route_id = ts.route_id
GROUP BY c.customer_id, c.name, o.order_id, o.order_date, o.status, v.order_amount, oe.destination_city, oe.destination_address;

-- ---------------------------------------------------------
-- 8) Convenience
-- ---------------------------------------------------------
DROP PROCEDURE IF EXISTS sp_assign_delivery_to_schedule;
DELIMITER //
CREATE PROCEDURE sp_assign_delivery_to_schedule(
  IN p_delivery_id VARCHAR(40),
  IN p_truck_schedule_id VARCHAR(40),
  IN p_order_id VARCHAR(40)
)
BEGIN
  INSERT INTO truck_delivery(delivery_id, truck_schedule_id, order_id)
  VALUES (p_delivery_id, p_truck_schedule_id, p_order_id);
END;
//
DELIMITER ;

-- ---------------------------------------------------------
-- 9) Seed data (aligned with the new structure)
-- ---------------------------------------------------------
INSERT INTO admin (admin_id, name, password) VALUES ('ADM001', 'System Administrator', 'admin123')
ON DUPLICATE KEY UPDATE name=VALUES(name);

INSERT INTO store (store_id, name, city) VALUES
('ST_COL', 'Colombo Central Store', 'Colombo'),
('ST_NEG', 'Negombo Station Store', 'Negombo'),
('ST_GAL', 'Galle Station Store', 'Galle'),
('ST_KAN', 'Kandy HQ Store', 'Kandy');

INSERT INTO customer (customer_id, name, phone_no, city, address, user_name, password) VALUES
('CUS001','John Doe',   '+94771234567','Colombo','123 Galle Rd, Colombo 03','john',  'hash1'),
('CUS002','Jane Smith', '+94772345678','Kandy',  '456 Peradeniya Rd, Kandy','jane',  'hash2')
ON DUPLICATE KEY UPDATE name=VALUES(name);

INSERT INTO product (product_id, name, description, price, space_consumption, category, available_quantity) VALUES
('P001','Detergent Box','1kg box', 600.00, 0.50, 'FMCG', 200),
('P002','Shampoo Pack','500ml',   450.00, 0.20, 'FMCG', 300),
('P003','Soap Carton','20 bars', 1200.00, 1.00, 'FMCG', 150)
ON DUPLICATE KEY UPDATE name=VALUES(name);

INSERT INTO train_route (route_id, start_city, end_city, destinations) VALUES
('R_KAN_COL','Kandy','Colombo','Kegalle,Ragama'),
('R_KAN_GAL','Kandy','Galle','Aluthgama');

INSERT INTO train (train_id, capacity, notes) VALUES
('TR100', 200.0000, 'Bulk cargo'),
('TR200', 150.0000, 'Mixed cargo');

INSERT INTO train_trip (trip_id, route_id, train_id, depart_time, arrive_time, capacity, store_id)
VALUES
('TT001','R_KAN_COL','TR100', DATE_ADD(CURRENT_DATE, INTERVAL 8 DAY), DATE_ADD(CURRENT_DATE, INTERVAL 8 DAY)+INTERVAL 6 HOUR, 200.0000, 'ST_COL'),
('TT002','R_KAN_COL','TR100', DATE_ADD(CURRENT_DATE, INTERVAL 9 DAY), DATE_ADD(CURRENT_DATE, INTERVAL 9 DAY)+INTERVAL 6 HOUR, 200.0000, 'ST_COL'),
('TT003','R_KAN_GAL','TR200', DATE_ADD(CURRENT_DATE, INTERVAL 8 DAY), DATE_ADD(CURRENT_DATE, INTERVAL 8 DAY)+INTERVAL 7 HOUR, 150.0000, 'ST_GAL');

INSERT INTO truck (truck_id, license_plate, capacity) VALUES
('TK01', 'WP-1234', 60.0),
('TK02', 'WP-5678', 60.0);

INSERT INTO driver (driver_id, name, phone_no) VALUES
('DRV001','John Driver','+94770000001'),
('DRV002','Jane Transport','+94770000002');

INSERT INTO assistant (assistant_id, name, phone_no) VALUES
('AST001','Sarah Support','+94770000003'),
('AST002','David Logistics','+94770000004');

INSERT INTO truck_route (route_id, store_id, route_name, max_minutes) VALUES
('TR_COL_01','ST_COL','Colombo City North', 240),
('TR_COL_02','ST_COL','Colombo City South', 240),
('TR_GAL_01','ST_GAL','Galle Town',         240);



-- Example order: 8+ days out (passes 7-day rule)
INSERT INTO orders (order_id, customer_id, order_date, status)
VALUES ('ORD001','CUS001', DATE_ADD(CURRENT_DATE, INTERVAL 8 DAY), 'confirmed');

INSERT INTO order_item (order_item_id, order_id, product_id, quantity) VALUES
('OI1','ORD001','P001', 20),
('OI2','ORD001','P002', 10);

-- Schedule the order on trains
CALL sp_schedule_order_to_trains('ORD001','R_KAN_COL','ST_COL');

-- Create a truck run that respects rosters
CALL sp_create_truck_schedule('TS001','TR_COL_01','TK01','DRV001','AST001',
  DATE_ADD(CURRENT_DATE, INTERVAL 9 DAY)+INTERVAL 9 HOUR,
  DATE_ADD(CURRENT_DATE, INTERVAL 9 DAY)+INTERVAL 13 HOUR);

-- Attach the order to that run
CALL sp_assign_delivery_to_schedule('DELIV001','TS001','ORD001');
